{
  "project_info": {
    "project_number": "673662242255",
    "firebase_url": "https://dakiksaha-b696e.firebaseio.com",
    "project_id": "dakiksaha-b696e",
    "storage_bucket": "dakiksaha-b696e.appspot.com"
  },
  "client": [
    {
      "client_info": {
        "mobilesdk_app_id": "1:673662242255:android:519b070810d5da90ccd6ba",
        "android_client_info": {
          "package_name": "com.example.dakiksaha"
        }
      },
      "oauth_client": [
        {
          "client_id": "673662242255-effgnf6hl3ab40mvgcvjmht7uhuvk9o0.apps.googleusercontent.com",
          "client_type": 1,
          "android_info": {
            "package_name": "com.example.dakiksaha",
            "certificate_hash": "5e6d13655b37f9a24d9fb90047fbbc36f6b136fb"
          }
        },
        {
          "client_id": "673662242255-amqusot8j8v7d0qci6ci1lg8lte88k2b.apps.googleusercontent.com",
          "client_type": 3
        }
      ],
      "api_key": [
        {
          "current_key": "AIzaSyB6nDY0uT12Fcyp1-k8dBj1nnJKmzQeL1w"
        }
      ],
      "services": {
        "appinvite_service": {
          "other_platform_oauth_client": [
            {
              "client_id": "673662242255-amqusot8j8v7d0qci6ci1lg8lte88k2b.apps.googleusercontent.com",
              "client_type": 3
            }
          ]
        }
      }
    }
  ],
  "configuration_version": "1"
}